B01001_003E,B01001_027E,B01003_001E,B11003_003E,B11001_002E,B11003_002E,B11004_002E,B11004_004E,B19013_001E,B25064_001E,B25088_002E,B25077_001E,B25034_001E,B25002_003E,B14003_003E,B14003_004E,B15003_017E,B15003_022E,B08013_001E,B25044_003E,GEOID
31,25,1203,45,145,134,134,22,97917,1238,2600,504600,664,78,,,80,311,,0,371830501001
9,22,2874,18,285,265,265,8,101058,1788,2938,423300,1249,72,,,168,626,,13,371830501002
0,0,1110,0,134,107,107,0,109196,1778,1931,395300,1191,427,,,36,482,,0,371830501003
0,17,1723,73,250,230,230,18,67536,996,1917,293600,1235,198,,,63,650,,18,371830503001
0,0,605,0,35,31,31,0,72083,1259,2526,403400,556,76,,,70,184,,0,371830503002
0,0,1022,0,229,229,229,0,122651,1478,2148,386100,775,24,,,30,719,,0,371830503003
29,28,1110,70,297,273,273,34,136667,1464,1893,396600,565,23,,,36,392,,0,371830504001
0,5,813,8,93,41,41,0,47045,1003,2724,658300,332,4,,,116,113,,0,371830504002
19,105,1409,116,333,324,324,39,132917,1333,2619,442900,784,27,,,7,355,,0,371830505001
42,43,1727,121,443,352,352,70,82273,1151,2258,422800,1070,114,,,180,730,,15,371830505002
10,27,673,68,161,123,123,27,-666666666,1083,1856,348800,307,29,,,8,95,,0,371830505003
0,10,1337,8,101,34,34,0,59375,541,-666666666,-666666666,246,92,,,55,8,,0,371830506001
36,36,876,0,218,65,65,0,40759,962,1091,326900,496,119,,,134,125,,0,371830506002
126,79,1357,170,365,311,311,137,156905,1315,2206,550200,551,51,,,43,394,,0,371830506003
79,0,1151,70,246,114,114,48,45293,865,1595,358900,535,18,,,114,243,,1,371830507001
0,0,456,9,71,39,39,0,41111,1088,1553,237500,375,93,,,43,181,,0,371830507002
18,67,1671,50,289,142,142,0,50833,775,1346,202600,672,32,,,297,142,,45,371830507003
78,5,1066,49,195,84,84,12,32270,952,1830,231700,453,42,,,226,59,,4,371830508001
43,41,733,25,151,30,30,3,33750,888,1086,271400,377,100,,,108,165,,0,371830508002
10,20,1760,0,45,10,10,0,26979,924,-666666666,330600,163,30,,,337,59,,0,371830508003
18,7,1418,17,175,70,70,10,55741,701,2050,427800,258,10,,,164,66,,0,371830509001
0,31,783,5,111,16,16,0,38696,979,2125,450000,474,60,,,81,214,,0,371830509002
26,40,525,6,112,62,62,0,27934,814,1719,343800,329,112,,,96,64,,15,371830509003
0,8,1393,8,127,80,80,8,65284,1293,2078,375900,1122,103,,,108,498,,27,371830510001
56,34,1124,70,214,181,181,51,71205,1132,2313,496100,564,39,,,22,398,,0,371830510002
0,0,3542,0,0,0,0,0,-666666666,-666666666,-666666666,-666666666,0,0,,,0,0,,0,371830511011
64,39,1705,35,219,78,78,16,30903,948,2594,-666666666,568,35,,,239,130,,28,371830511012
0,0,530,0,0,0,0,0,-666666666,-666666666,-666666666,-666666666,0,0,,,0,0,,0,371830511021
0,0,3243,0,0,0,0,0,-666666666,-666666666,-666666666,-666666666,0,0,,,0,24,,0,371830511022
0,0,770,0,29,24,24,0,20391,760,-666666666,-666666666,76,13,,,102,32,,0,371830511023
0,11,1567,0,225,200,200,0,59328,1485,1795,409900,1076,38,,,39,396,,0,371830512001
14,40,1083,63,131,131,131,33,56645,1366,2642,552600,790,74,,,51,244,,0,371830512002
37,0,2013,72,227,215,215,39,-666666666,1387,2734,708600,832,131,,,11,381,,0,371830512003
0,0,844,60,164,115,115,0,112649,1202,3057,637300,419,12,,,0,216,,0,371830514001
87,0,1054,93,156,126,126,71,70375,1086,2204,656000,421,54,,,50,90,,0,371830514002
0,13,656,28,115,96,96,12,65612,1138,1927,520400,502,141,,,0,257,,0,371830514003
0,0,1075,0,61,22,22,0,18974,1334,-666666666,581300,440,52,,,39,171,,0,371830514004
68,42,1502,150,337,281,281,39,97383,828,2939,609900,569,24,,,61,423,,0,371830514005
24,43,1680,170,424,373,373,43,83292,1123,2853,630800,794,57,,,233,627,,0,371830515011
27,44,2136,259,604,589,589,45,250001,-666666666,3071,726600,706,21,,,17,663,,0,371830515012
39,16,752,31,156,111,111,0,79757,1650,3917,757800,501,126,,,7,204,,0,371830515021
30,29,1432,176,398,362,362,38,145313,1020,3112,767700,663,104,,,72,429,,0,371830515022
36,18,780,74,218,196,196,31,162321,950,3160,776800,345,21,,,38,353,,8,371830516001
23,11,1064,121,296,266,266,22,119896,1057,3027,721900,585,54,,,6,390,,0,371830516002
11,120,1023,154,285,285,285,71,250001,-666666666,4001,1092600,372,37,,,49,254,,0,371830516003
23,13,1466,129,337,286,286,10,115342,1403,3655,882400,726,0,,,19,429,,0,371830516004
0,12,661,92,202,186,186,0,148906,-666666666,3813,789600,225,0,,,0,221,,0,371830516005
44,62,1003,136,299,299,299,38,224688,-666666666,4000,793100,372,31,,,23,387,,0,371830517001
84,24,1111,155,334,316,316,62,244271,-666666666,3102,684700,481,70,,,7,378,,0,371830517002
14,12,1496,206,400,374,374,114,198519,2213,3325,898600,718,44,,,19,648,,0,371830517003
123,118,1871,282,393,366,366,71,122083,1586,2128,658700,813,83,,,53,756,,0,371830518001
51,32,1526,223,358,336,336,44,185605,1061,2364,566500,757,173,,,0,471,,21,371830518002
60,26,1888,57,452,365,365,23,98942,1246,2050,360800,949,0,,,213,654,,0,371830518003
70,95,2144,166,492,283,283,48,72022,1315,1522,295400,777,82,,,317,303,,4,371830519001
53,71,1232,14,300,149,149,14,34844,961,992,188600,735,96,,,111,129,,16,371830519002
40,65,1170,69,264,205,205,0,53919,993,1692,279300,589,87,,,83,305,,0,371830519003
208,102,2589,114,502,152,152,21,34838,1020,-666666666,-666666666,1071,119,,,497,149,,0,371830520011
41,38,1618,77,285,201,201,22,39583,957,-666666666,417500,562,23,,,399,98,,21,371830520012
73,69,3014,0,603,103,103,0,44815,1078,945,109400,969,73,,,633,174,,12,371830520021
24,99,2881,37,665,365,365,10,53224,1194,1130,164900,1018,0,,,425,510,,38,371830520022
266,81,5136,289,1266,523,523,94,48799,1201,1226,167100,1807,34,,,841,379,,11,371830521011
0,0,1094,0,217,82,82,0,34111,1278,1267,-666666666,528,0,,,161,190,,0,371830521012
0,0,1888,74,232,108,108,0,29559,960,-666666666,-666666666,515,0,,,738,140,,50,371830521013
0,0,955,0,229,28,28,0,43232,1309,1273,129800,456,78,,,188,105,,0,371830521014
145,172,2303,96,521,275,275,25,49857,1150,1083,120700,660,38,,,350,163,,24,371830521021
0,6,1493,111,370,148,148,0,60893,1331,1236,170300,595,0,,,193,138,,4,371830521022
66,94,3274,150,593,294,294,26,46663,1126,1228,160500,858,83,,,660,123,,12,371830521023
12,11,1358,41,100,81,81,24,97531,1940,1255,207600,596,89,,,28,674,,0,371830523031
0,0,2494,19,76,19,19,0,39937,1512,1352,200600,805,57,,,14,171,,0,371830523032
216,127,2275,77,618,217,217,77,72564,1313,1343,217100,860,71,,,167,462,,0,371830523041
0,0,726,0,104,104,104,0,38442,1349,-666666666,-666666666,354,0,,,0,112,,0,371830523042
0,50,984,64,208,149,149,52,41563,768,-666666666,-666666666,504,49,,,150,286,,0,371830523051
40,25,1064,27,206,143,143,27,50762,1446,-666666666,-666666666,552,49,,,30,279,,11,371830523052
0,15,1077,32,184,152,152,16,74773,1370,1388,222200,627,171,,,87,198,,0,371830523061
0,0,875,0,56,0,0,0,35096,1145,-666666666,-666666666,571,29,,,85,191,,0,371830523071
0,0,1605,17,50,17,17,0,36950,1163,-666666666,-666666666,715,86,,,57,323,,0,371830523072
0,0,1170,45,199,145,145,0,70278,1269,-666666666,186200,610,0,,,50,397,,0,371830523073
0,48,807,47,114,55,55,32,39648,1225,-666666666,-666666666,305,0,,,32,103,,0,371830523074
204,20,1268,244,258,258,258,244,-666666666,731,-666666666,272600,462,35,,,13,182,,0,371830523075
186,107,5143,280,724,552,552,154,65125,1326,2087,377900,3008,296,,,224,1219,,0,371830524011
0,0,1034,0,0,0,0,0,-666666666,-666666666,-666666666,-666666666,0,0,,,0,0,,0,371830524012
53,46,2070,173,434,348,348,60,87400,1148,1490,312800,784,22,,,175,457,,36,371830524041
0,0,967,0,119,89,89,0,40000,1207,-666666666,326500,451,33,,,78,154,,8,371830524042
9,8,674,74,208,177,177,9,108750,-666666666,1819,353800,260,20,,,36,145,,0,371830524043
65,7,1782,80,309,186,186,46,65962,1061,1357,271400,889,53,,,72,580,,0,371830524071
111,106,1432,141,308,245,245,75,78782,1010,1996,312000,622,98,,,94,377,,0,371830524072
10,45,1352,26,272,145,145,20,42059,887,1839,234800,780,86,,,94,323,,0,371830524073
44,35,1001,48,166,56,56,36,34425,1053,2528,347200,588,165,,,8,146,,0,371830524081
162,99,2621,86,356,118,118,27,36027,1111,1107,146100,782,27,,,225,153,,0,371830524082
0,0,706,33,97,60,60,0,26500,1002,-666666666,-666666666,408,90,,,28,92,,0,371830524091
22,7,1731,7,56,7,7,7,27031,968,-666666666,-666666666,405,66,,,0,234,,0,371830524092
110,0,1564,69,141,130,130,21,30417,974,-666666666,-666666666,645,109,,,4,210,,21,371830524093
24,93,1355,61,292,203,203,39,59865,1389,1585,232000,711,123,,,117,262,,0,371830524101
48,106,2021,50,326,132,132,0,48098,975,1466,267200,898,56,,,201,227,,7,371830524111
111,27,3328,103,823,639,639,103,62075,1246,1231,164200,2002,160,,,474,857,,0,371830524112
50,132,2029,129,486,330,330,66,63750,1144,1571,371300,970,44,,,350,526,,12,371830525041
16,0,1570,183,313,267,267,16,85000,-666666666,1722,296800,809,29,,,13,435,,0,371830525042
53,8,3486,153,593,476,476,26,82417,1253,2000,435900,2353,330,,,201,1043,,33,371830525043
44,102,2859,139,706,517,517,38,75903,1292,2211,371200,1422,131,,,190,825,,0,371830525051
37,117,1771,77,406,249,249,46,64900,1364,2301,281800,1106,180,,,122,482,,0,371830525052
10,0,862,62,138,138,138,8,53930,1272,2889,380300,652,127,,,91,217,,0,371830525061
42,14,1468,112,461,410,410,43,142375,1681,2350,441100,708,43,,,28,472,,0,371830525062
13,22,952,42,253,211,211,16,77383,1292,1760,353500,499,54,,,65,320,,15,371830525071
73,89,2211,155,609,446,446,37,95417,1088,2022,352900,907,61,,,132,626,,0,371830525072
15,8,1944,95,289,250,250,18,72164,1576,2703,541300,1037,113,,,25,724,,0,371830525081
37,0,1721,193,403,403,403,18,165051,-666666666,1702,499500,838,52,,,135,374,,0,371830525082
0,84,1094,0,251,117,117,0,58594,1274,1074,163300,624,34,,,31,247,,0,371830525091
27,26,1443,157,317,230,230,28,84135,1296,2866,588700,961,282,,,115,342,,0,371830525092
40,37,744,88,212,117,117,39,-666666666,1137,4001,841400,400,102,,,71,162,,0,371830525093
81,93,2461,368,692,673,673,63,181705,-666666666,2491,487000,859,28,,,182,750,,0,371830526011
95,0,989,118,254,246,246,50,128750,1535,2389,524800,570,136,,,40,374,,0,371830526012
70,34,1638,114,488,419,419,37,123203,1356,1890,381300,828,123,,,81,522,,0,371830526021
0,37,1449,46,406,377,377,14,93333,1669,1991,438300,1227,391,,,127,559,,0,371830526022
0,31,808,18,149,108,108,0,48594,775,1844,332300,829,373,,,177,212,,12,371830526023
107,95,2468,250,524,509,509,66,110690,1460,3922,846000,1254,144,,,148,883,,10,371830526031
0,16,866,31,185,159,159,16,80156,1294,3031,566500,616,103,,,16,401,,0,371830526032
221,64,2767,317,771,679,679,106,-666666666,1311,2323,388100,1109,0,,,201,890,,0,371830527011
34,102,1729,56,364,137,137,33,65046,1129,1263,197300,983,132,,,152,287,,0,371830527012
40,69,2661,68,350,198,198,41,36565,1131,2265,328300,1404,62,,,433,294,,0,371830527013
181,81,2061,38,611,94,94,0,20924,1041,-666666666,-666666666,1072,192,,,121,95,,0,371830527041
69,82,1795,101,402,146,146,15,48024,1128,965,86000,887,166,,,242,154,,0,371830527042
57,94,1818,12,404,168,168,0,60510,999,1135,166800,800,60,,,351,111,,11,371830527043
72,0,1831,75,332,205,205,0,57279,1324,1261,184000,724,43,,,138,342,,0,371830527051
0,0,485,20,132,97,97,0,77500,-666666666,1373,201000,218,0,,,94,90,,0,371830527052
31,230,2610,131,423,284,284,23,79049,1462,1257,182500,1757,565,,,216,562,,0,371830527053
46,87,1701,129,326,254,254,24,80000,1264,1157,173400,682,120,,,130,294,,18,371830527061
109,125,2819,236,576,466,466,57,56167,1062,1421,193900,1066,84,,,623,281,,39,371830527062
29,0,1102,0,286,229,229,0,72575,729,1261,142400,430,43,,,234,158,,0,371830527071
176,244,2361,186,480,332,332,104,49545,880,1224,179900,895,43,,,506,395,,11,371830527072
0,30,1937,205,448,306,306,14,73359,881,1190,178100,814,49,,,234,398,,0,371830527073
0,36,1206,38,343,183,183,0,62132,1665,1051,182600,479,0,,,133,338,,0,371830527074
15,19,929,71,310,241,241,15,124750,-666666666,1535,237100,352,0,,,93,268,,0,371830528011
48,14,1279,116,380,330,330,61,96250,-666666666,1344,243300,620,64,,,102,418,,0,371830528012
67,59,2204,186,515,448,448,16,63750,1325,1214,190700,880,104,,,302,465,,8,371830528013
0,0,581,0,149,117,117,0,65357,1307,1605,183200,258,0,,,48,79,,0,371830528014
0,0,608,0,129,0,0,0,51712,1134,-666666666,-666666666,427,156,,,247,25,,0,371830528015
151,118,2178,386,559,491,491,175,70256,1488,1171,193200,758,0,,,355,377,,0,371830528021
22,0,1367,66,267,139,139,22,53075,1008,1125,157800,653,0,,,50,227,,0,371830528022
49,123,1743,132,434,249,249,20,64545,839,1145,171500,526,0,,,396,119,,34,371830528023
13,37,1205,77,343,242,242,23,60906,-666666666,1344,179700,583,91,,,295,201,,0,371830528024
121,143,2248,175,598,412,412,43,92641,1347,1441,231100,674,21,,,203,427,,0,371830528071
39,39,2090,126,472,348,348,50,56016,1156,1217,227500,931,24,,,236,184,,15,371830528072
28,47,2919,125,630,208,208,0,44196,1359,1360,200800,1207,0,,,645,330,,0,371830528073
81,12,1265,88,277,193,193,15,78141,1171,1176,142100,386,0,,,198,92,,0,371830528091
19,26,1342,82,346,256,256,27,94821,1063,1243,183800,621,86,,,176,229,,0,371830528092
62,78,879,121,297,297,297,81,159898,-666666666,2080,315600,321,0,,,44,391,,0,371830528101
0,101,2684,161,572,296,296,0,99250,1689,1400,193100,872,0,,,352,148,,0,371830528102
146,128,3106,499,791,605,605,292,82844,2064,1439,216300,931,0,,,566,514,,0,371830528103
93,145,2224,202,643,430,430,94,71329,1805,1512,191800,657,0,,,376,160,,0,371830528104
0,0,884,59,286,127,127,0,69538,-666666666,1136,178400,286,0,,,160,83,,0,371830528111
0,151,1351,170,309,309,309,0,88909,-666666666,1202,171200,525,0,,,252,28,,0,371830528112
0,207,4510,120,853,243,243,0,34934,-666666666,1084,142500,1237,0,,,760,263,,0,371830528113
0,98,2709,125,1056,676,676,61,50290,1346,1120,217100,1139,0,,,642,302,,0,371830528114
127,35,2191,112,576,430,430,0,69107,1377,1206,191500,1018,109,,,182,350,,29,371830528121
0,0,1632,84,497,438,438,22,95987,1661,1533,329200,639,0,,,246,479,,0,371830528122
24,37,761,38,253,193,193,0,101429,-666666666,1571,390900,288,0,,,150,119,,38,371830528131
0,35,2370,59,678,458,458,0,46354,1383,-666666666,-666666666,1249,27,,,371,176,,0,371830528132
28,0,1066,106,250,139,139,0,132566,1828,1624,282600,347,0,,,174,221,,0,371830528141
24,116,1265,106,286,255,255,32,62330,867,1140,212500,485,0,,,123,259,,67,371830528142
55,18,1808,230,529,457,457,56,68807,-666666666,1898,328300,623,0,,,207,739,,30,371830528143
189,148,3302,185,643,403,403,115,56990,815,1390,216900,1501,59,,,409,507,,0,371830528151
243,157,2286,156,547,357,357,0,45088,1162,1468,208100,828,152,,,149,213,,0,371830528152
209,19,2881,59,655,226,226,0,55801,1259,1258,156600,1073,58,,,340,282,,0,371830528161
413,15,4042,248,1035,523,523,14,105924,1384,1411,216000,1041,0,,,438,729,,10,371830528162
57,76,1770,175,493,403,403,29,116250,1615,1653,309900,609,77,,,82,372,,12,371830529011
43,0,892,74,271,211,211,14,66667,1123,1693,233100,370,0,,,172,72,,0,371830529012
0,149,2992,162,863,569,569,25,87145,1164,1623,282100,1009,59,,,390,479,,0,371830529021
0,31,1667,206,530,505,505,96,74174,-666666666,1386,226300,661,0,,,223,277,,0,371830529022
19,159,3086,326,888,780,780,86,78319,982,1736,270000,985,0,,,363,531,,63,371830529023
14,69,1151,77,349,314,314,52,106754,883,1891,341200,422,0,,,134,316,,0,371830529031
20,146,2398,218,639,562,562,58,109943,1161,1638,283000,956,50,,,341,631,,14,371830529032
100,143,2068,224,662,650,650,130,76094,-666666666,1698,284200,787,0,,,90,446,,0,371830529051
21,0,1318,86,443,429,429,0,114518,-666666666,1708,331600,635,13,,,150,523,,0,371830529052
71,146,2627,278,754,582,582,62,95168,1232,1469,275700,813,0,,,308,417,,0,371830529061
16,0,1376,142,377,322,322,16,73947,964,1584,256500,598,0,,,227,240,,17,371830529062
86,36,1048,96,205,171,171,13,70882,-666666666,1552,241200,368,0,,,276,90,,0,371830529063
0,0,902,108,323,323,323,0,153077,-666666666,2237,442900,371,17,,,45,314,,0,371830530031
0,0,701,14,255,154,154,0,80848,1508,-666666666,-666666666,319,0,,,15,198,,0,371830530032
43,29,1537,135,393,370,370,37,67744,1133,2582,415900,973,186,,,92,379,,0,371830530033
119,61,1614,147,326,289,289,115,75000,1333,-666666666,-666666666,798,46,,,53,419,,0,371830530034
0,0,770,0,67,55,55,0,-666666666,1645,-666666666,-666666666,630,251,,,41,249,,0,371830530035
9,0,1348,103,420,371,371,9,95357,1444,2525,495400,621,47,,,44,517,,0,371830530041
0,0,1314,79,367,286,286,0,104288,1417,2523,483100,681,76,,,45,302,,0,371830530042
0,0,706,16,219,190,190,0,107206,-666666666,2133,479000,326,0,,,25,176,,8,371830530051
14,11,526,43,178,178,178,0,148542,-666666666,2090,428300,232,14,,,10,199,,0,371830530052
59,14,1346,114,467,427,427,30,171111,-666666666,2194,457800,490,0,,,79,425,,26,371830530053
24,106,2156,247,672,634,634,31,191750,-666666666,2101,484100,716,0,,,98,835,,0,371830530054
20,44,1272,190,471,471,471,41,134107,-666666666,1946,418300,533,6,,,26,560,,8,371830530061
7,19,914,77,354,354,354,26,141006,-666666666,2263,479800,435,20,,,56,407,,0,371830530062
0,6,886,67,275,256,256,6,148750,-666666666,2230,476800,365,4,,,69,258,,0,371830530063
123,29,1857,246,522,503,503,86,129306,925,2929,486100,649,23,,,69,558,,0,371830530071
9,12,599,45,185,185,185,14,123929,-666666666,1909,427800,255,41,,,16,193,,0,371830530072
8,10,974,59,325,292,292,6,125083,-666666666,2154,408500,421,0,,,26,323,,9,371830530073
222,234,2084,242,549,371,371,134,43219,-666666666,2618,-666666666,752,49,,,298,267,,33,371830530091
0,66,1168,79,283,172,172,24,71343,971,1271,154700,548,111,,,174,137,,0,371830530092
0,0,868,0,221,205,205,0,48867,-666666666,1692,176100,440,0,,,381,220,,0,371830530093
66,259,2138,393,586,566,566,66,148367,-666666666,1891,301600,659,0,,,44,465,,0,371830530094
50,0,2514,153,752,629,629,32,79836,1280,2041,283000,1254,91,,,247,748,,0,371830530095
88,36,2233,179,516,416,416,0,122500,1306,1322,248800,854,0,,,139,506,,0,371830530101
45,0,1124,70,269,258,258,25,118864,-666666666,2153,429800,500,0,,,69,309,,0,371830530102
0,36,1512,194,316,301,301,0,156136,-666666666,2472,401200,478,0,,,44,424,,0,371830530103
75,74,1855,223,312,312,312,25,107721,-666666666,1633,326700,504,37,,,45,214,,0,371830530111
0,0,559,16,80,43,43,0,64069,1191,-666666666,-666666666,349,75,,,31,122,,0,371830530112
0,0,743,0,125,83,83,0,47350,1271,-666666666,279800,647,90,,,36,204,,0,371830530113
28,58,990,85,137,137,137,85,102505,1230,-666666666,-666666666,733,36,,,0,127,,0,371830530114
60,53,1901,173,524,419,419,10,82821,1361,1797,314900,878,177,,,174,417,,0,371830531051
44,53,2664,257,760,607,607,27,85750,1083,1339,264500,995,0,,,327,388,,15,371830531052
46,18,1672,14,420,249,249,0,34276,694,1063,168700,896,122,,,503,268,,0,371830531061
36,19,2415,310,641,525,525,40,108750,1426,1653,340900,778,0,,,173,436,,17,371830531062
8,165,2346,317,533,464,464,60,65769,944,1870,302800,712,0,,,195,470,,0,371830531091
37,223,5943,427,1250,991,991,68,87780,1679,1892,324500,2043,100,,,589,1289,,0,371830531092
185,17,3323,368,865,748,748,86,101563,2271,1820,311400,992,0,,,161,594,,12,371830531093
61,122,2549,210,734,578,578,35,124592,-666666666,1572,291300,937,100,,,331,426,,0,371830531101
186,14,1636,113,362,304,304,14,65200,639,1371,220100,575,35,,,262,292,,0,371830531102
79,64,2474,125,679,589,589,34,143438,728,-666666666,281700,833,34,,,230,690,,36,371830531103
188,184,2492,348,633,633,633,145,127738,-666666666,2250,409600,777,15,,,99,688,,16,371830531111
39,84,2175,177,628,500,500,35,114544,1260,1796,245500,917,0,,,182,388,,21,371830531112
68,75,1447,92,444,264,264,31,75288,1080,1598,318400,616,93,,,136,279,,0,371830531113
118,0,1793,30,532,317,317,13,58266,876,1310,233600,895,0,,,200,557,,0,371830531121
0,0,1434,269,479,479,479,0,93924,-666666666,1532,233600,569,0,,,167,439,,0,371830531122
143,108,2486,329,677,557,557,125,89293,-666666666,1726,338900,947,0,,,174,457,,59,371830531123
23,76,889,99,317,230,230,0,82784,-666666666,915,145900,350,33,,,128,48,,0,371830531131
0,34,1427,215,351,326,326,26,83365,1137,1480,235200,536,12,,,194,254,,0,371830531132
20,0,554,71,182,182,182,0,74250,-666666666,1621,190300,221,0,,,92,134,,21,371830531133
32,15,1905,190,466,377,377,13,67045,1668,1652,283200,688,44,,,148,610,,0,371830531134
24,29,742,63,355,194,194,23,-666666666,-666666666,-666666666,194900,355,0,,,181,139,,0,371830531141
59,47,1114,108,293,221,221,30,75341,1689,1448,234100,396,10,,,114,223,,0,371830531142
73,126,2772,348,860,820,820,113,111765,-666666666,1663,344200,934,0,,,266,635,,0,371830531143
0,23,750,68,211,193,193,9,80675,-666666666,1884,284800,323,0,,,92,129,,0,371830531144
285,41,2006,214,429,353,353,169,61427,-666666666,1775,-666666666,457,0,,,155,239,,0,371830531145
3,17,846,72,225,141,141,0,-666666666,734,2270,335300,271,0,,,315,50,,2,371830531151
35,5,607,14,176,98,98,12,33942,711,1168,172000,288,27,,,48,20,,0,371830531152
29,42,793,130,227,225,225,15,173833,-666666666,1690,264600,244,0,,,33,118,,0,371830531153
19,68,3653,304,901,614,614,21,104200,-666666666,2647,445800,1021,61,,,101,540,,0,371830532021
11,27,2039,249,632,571,571,20,160179,-666666666,2230,438300,747,76,,,107,507,,6,371830532022
235,137,5343,800,1533,1267,1267,405,132786,1476,1830,339100,1905,9,,,439,1128,,16,371830532031
144,174,3793,537,1053,787,787,162,125090,1611,1983,377000,1253,0,,,100,1030,,51,371830532032
19,30,2914,271,788,594,594,28,76776,1386,1514,267400,1266,131,,,140,620,,0,371830532041
109,102,2755,373,789,602,602,67,88616,1260,1462,246500,954,23,,,242,533,,0,371830532042
142,213,3317,512,912,843,843,194,134423,1854,1996,357300,1111,41,,,244,990,,14,371830532051
15,70,1972,232,552,434,434,54,95893,1436,2228,339900,951,145,,,208,512,,0,371830532052
67,22,1550,83,407,246,246,38,69352,1200,1344,216700,658,22,,,379,195,,7,371830532061
110,67,1931,245,601,451,451,70,106450,1235,2019,385300,722,48,,,104,312,,0,371830532062
147,62,1780,283,445,400,400,81,155375,-666666666,1887,334300,445,0,,,77,482,,0,371830532063
153,186,6412,997,1659,1582,1582,126,131933,2352,2608,482400,2077,159,,,359,1504,,0,371830532081
251,297,6139,1186,1601,1545,1545,234,121883,2160,1929,352700,1842,0,,,200,1496,,0,371830532082
59,58,980,173,266,266,266,10,183708,-666666666,2250,414800,332,53,,,24,287,,0,371830532091
0,40,1244,95,375,232,232,0,86285,-666666666,1854,308800,565,54,,,141,191,,0,371830532092
645,38,5783,683,1411,1316,1316,165,141610,1307,2224,340300,1866,32,,,577,1277,,0,371830532101
42,165,5013,856,1317,1285,1285,37,150375,1914,2351,439900,1462,0,,,315,1097,,17,371830532111
148,87,2752,483,758,754,754,87,165913,-666666666,2302,506100,798,0,,,75,599,,83,371830532112
0,49,1045,115,334,301,301,18,164545,-666666666,2060,410500,348,0,,,25,223,,0,371830534051
54,35,2575,218,706,646,646,54,131538,1450,2784,568600,1061,33,,,23,685,,6,371830534052
31,20,1003,69,332,323,323,51,97206,1473,2312,466700,629,59,,,85,212,,16,371830534053
20,198,2637,442,689,558,558,50,116786,2121,1954,363300,842,30,,,53,630,,0,371830534081
25,14,1377,229,414,386,386,15,173583,-666666666,2650,421600,427,0,,,56,308,,0,371830534082
38,109,1957,347,593,577,577,75,136908,2213,2183,389700,660,46,,,99,564,,0,371830534091
80,79,2793,348,880,826,826,77,151977,-666666666,2103,445900,1020,44,,,81,1148,,0,371830534092
49,13,2017,279,565,490,490,14,160651,1740,2287,355000,669,0,,,111,581,,0,371830534093
66,71,3727,515,1035,712,712,55,205121,1846,2447,547500,1219,9,,,95,800,,16,371830534101
61,46,2335,384,660,605,605,47,164500,2272,2989,495800,798,40,,,11,553,,4,371830534102
267,387,9247,1632,2236,1936,1936,268,174182,1434,2830,591000,2754,220,,,134,1673,,45,371830534111
115,87,2202,425,568,545,545,76,180833,-666666666,2852,544900,668,0,,,56,464,,0,371830534112
18,90,2190,299,583,488,488,13,86129,1234,2469,502500,888,18,,,86,517,,0,371830534113
33,17,1009,133,305,274,274,27,179537,-666666666,1994,362900,316,0,,,38,255,,11,371830534151
0,80,1090,146,265,231,231,8,112375,1917,1746,360700,375,0,,,85,285,,0,371830534152
163,52,2734,297,698,510,510,153,120813,1494,2120,386500,1046,167,,,257,604,,2,371830534153
58,19,2205,175,551,366,366,65,87188,1834,1383,235800,1123,137,,,186,531,,0,371830534171
43,114,2522,257,710,475,475,69,89286,1366,2194,441300,961,25,,,44,583,,40,371830534172
206,153,1458,95,303,297,297,117,86875,-666666666,2181,434700,329,0,,,421,178,,0,371830534191
96,51,2462,308,634,559,559,53,140179,1815,1885,358700,839,30,,,112,609,,0,371830534192
62,90,2734,311,936,846,846,86,98889,1387,2490,421200,1108,32,,,36,774,,0,371830534211
75,104,2576,213,792,713,713,76,119286,984,2086,354300,972,114,,,139,679,,0,371830534212
36,53,2252,247,635,522,522,25,150417,2121,1878,353000,765,20,,,77,725,,8,371830534221
19,35,1265,114,336,292,292,36,111979,1063,1807,341900,619,38,,,62,439,,0,371830534231
25,13,768,80,240,199,199,21,76673,1638,1503,273500,357,0,,,27,216,,0,371830534232
74,27,2044,261,604,546,546,79,139650,1917,1910,404100,726,23,,,41,528,,7,371830534241
49,19,2942,305,694,590,590,33,138333,1989,2287,409300,889,27,,,171,612,,0,371830534242
11,8,1749,268,533,529,529,8,186250,2344,2443,472900,654,25,,,38,471,,0,371830534251
177,48,1394,258,336,311,311,69,121490,1424,2768,468800,514,57,,,7,330,,0,371830534252
185,187,3261,634,893,893,893,66,182831,2446,2497,513600,1013,96,,,145,735,,0,371830534261
176,101,2238,186,598,380,380,37,-666666666,1543,-666666666,474200,757,54,,,41,688,,0,371830534262
62,40,1833,221,527,398,398,74,149432,-666666666,2428,470400,749,136,,,0,673,,13,371830534271
178,0,2656,365,636,604,604,60,117793,1388,1932,384400,995,48,,,256,742,,0,371830534272
47,64,2477,398,564,478,478,86,149372,-666666666,2884,648300,679,0,,,386,272,,0,371830534281
55,14,1179,134,293,271,271,0,181399,-666666666,1852,571400,546,108,,,39,251,,15,371830534282
209,232,7995,1540,2210,1970,1970,331,163313,1853,2247,443400,2570,69,,,133,2190,,39,371830534283
22,0,582,35,127,99,99,21,120982,1232,2159,320900,407,108,,,39,183,,0,371830534291
37,49,2167,167,623,484,484,43,134219,1413,1914,367400,867,17,,,87,757,,0,371830534292
10,59,1566,33,441,285,285,11,66479,1317,2229,315700,721,53,,,232,283,,0,371830534301
0,27,942,78,281,281,281,0,146307,-666666666,2496,429600,360,0,,,134,320,,0,371830534302
57,28,1782,246,480,398,398,63,131719,2167,2146,375800,653,30,,,12,454,,0,371830534303
114,117,2749,326,537,455,455,77,65781,1377,1653,301400,1188,66,,,90,708,,51,371830534311
153,13,2042,203,414,333,333,45,126328,1589,2166,404600,609,66,,,140,395,,13,371830534312
67,279,2647,299,594,511,511,115,96399,1479,1653,304900,917,32,,,113,656,,0,371830534321
249,29,3050,432,950,900,900,11,168001,-666666666,1459,395200,1015,0,,,15,678,,0,371830534331
26,104,2915,402,794,680,680,84,107500,-666666666,1914,324200,1047,15,,,40,805,,0,371830534332
47,31,660,103,184,184,184,47,158516,-666666666,1773,374600,206,0,,,0,248,,0,371830534341
0,15,847,130,225,191,191,0,143922,-666666666,1893,361900,289,0,,,82,213,,23,371830534342
70,26,2892,375,823,668,668,25,93828,1006,1899,349800,1085,46,,,367,624,,10,371830534343
154,172,4160,478,1223,1034,1034,165,103963,1464,2098,326300,1715,0,,,202,888,,0,371830534351
11,27,1489,113,319,289,289,29,73229,1576,1576,250500,753,175,,,192,162,,0,371830534361
20,57,1683,160,551,267,267,65,92371,1442,1866,277400,846,157,,,20,466,,0,371830534362
0,19,1202,61,399,294,294,7,95972,-666666666,1869,327100,521,26,,,114,288,,0,371830535051
52,17,930,98,269,222,222,49,101845,-666666666,1417,269100,414,25,,,33,292,,17,371830535052
0,33,1005,110,280,241,241,22,113375,1058,1852,316500,493,83,,,59,268,,0,371830535053
0,0,1093,73,332,218,218,0,63266,966,2170,332000,423,0,,,133,216,,0,371830535061
29,9,916,104,237,224,224,10,79006,2117,1510,321700,317,0,,,110,245,,0,371830535062
77,42,1788,132,419,398,398,79,111554,2993,1846,366400,748,0,,,156,573,,36,371830535063
15,24,1999,112,637,569,569,9,134152,1505,1835,371000,1011,118,,,149,492,,0,371830535064
24,0,670,42,179,164,164,16,111250,1477,1723,307900,291,0,,,72,180,,0,371830535071
0,20,1745,24,359,121,121,0,32224,947,1246,219400,915,0,,,201,361,,0,371830535072
20,22,1254,90,338,295,295,11,94107,3375,1616,272600,571,24,,,109,418,,7,371830535073
84,43,1602,148,513,465,465,31,183667,-666666666,2801,473100,568,0,,,73,443,,8,371830535091
87,16,2208,291,738,738,738,29,186250,-666666666,3232,684100,754,0,,,51,712,,0,371830535092
78,46,1941,187,515,448,448,87,115341,1606,1613,312300,681,0,,,148,610,,0,371830535093
172,0,3264,351,1103,721,721,162,100640,1477,1869,354900,1548,104,,,160,1068,,0,371830535121
43,48,2567,123,730,534,534,48,94191,1427,1709,581000,1455,158,,,35,607,,0,371830535122
30,26,1201,68,375,273,273,41,79647,1190,2595,489800,751,108,,,51,568,,0,371830535123
0,58,2003,88,431,272,272,34,68007,1186,1894,365200,1110,161,,,217,429,,0,371830535131
160,80,2330,200,566,402,402,65,76932,1475,1922,378700,876,153,,,211,399,,17,371830535132
51,134,2366,154,659,433,433,37,67297,1167,1736,343000,1003,61,,,354,412,,8,371830535161
71,11,1148,52,304,236,236,26,122577,-666666666,1500,317500,629,144,,,126,362,,0,371830535162
114,82,2244,158,427,265,265,34,55182,1190,674,13400,749,36,,,317,188,,9,371830535171
66,0,625,60,175,113,113,0,41413,1099,-666666666,-666666666,228,0,,,93,47,,0,371830535172
0,70,1405,108,348,253,253,50,103750,1473,1472,317100,531,67,,,197,365,,0,371830535173
0,0,275,26,71,63,63,0,78875,1117,1425,246600,151,0,,,30,80,,0,371830535174
23,0,1840,79,505,236,236,7,112422,1449,1569,278700,798,75,,,65,333,,0,371830535181
32,59,1616,118,421,365,365,42,90163,1726,1664,271100,661,0,,,57,534,,7,371830535182
38,0,767,61,205,168,168,15,85625,1682,1336,237300,350,19,,,49,230,,0,371830535183
55,0,1113,45,251,150,150,9,67778,1204,1144,250000,646,44,,,104,236,,0,371830535191
41,85,2500,88,442,203,203,8,61392,1035,1316,209600,1249,222,,,428,423,,7,371830535192
0,17,1266,40,332,230,230,18,95978,1148,1891,324400,674,60,,,53,323,,0,371830535201
163,51,3241,202,595,392,392,23,77464,1153,1439,269700,1539,32,,,145,761,,0,371830535202
61,61,2279,225,476,330,330,25,58750,990,1176,242100,645,0,,,571,364,,0,371830535203
40,109,2560,254,590,547,547,89,98073,2045,2051,409400,935,14,,,98,676,,0,371830535211
53,31,1459,165,421,397,397,74,103214,-666666666,1683,337700,633,13,,,88,377,,0,371830535212
64,225,2900,457,721,681,681,89,149565,2413,2302,428500,1181,105,,,92,638,,0,371830535221
0,18,1350,63,206,173,173,0,82199,1476,-666666666,-666666666,934,129,,,65,633,,0,371830535222
256,202,3358,423,1018,963,963,284,97455,1505,2356,380300,1534,130,,,144,1068,,0,371830535223
44,139,2728,309,726,583,583,19,112365,1436,2400,569900,1066,96,,,70,568,,0,371830535231
52,88,3317,336,922,843,843,55,199861,1478,2934,545300,1313,51,,,71,1033,,0,371830535232
26,60,1538,89,302,219,219,50,42312,1222,1207,229600,872,26,,,86,414,,9,371830535241
7,20,1944,93,570,485,485,7,103274,1683,1502,260100,941,72,,,129,661,,11,371830535242
16,110,1119,235,351,346,346,130,132500,1464,2095,347700,396,0,,,39,353,,0,371830535251
46,51,2453,294,712,674,674,78,103424,1262,1806,325200,994,28,,,72,699,,5,371830535252
61,19,2360,284,563,487,487,0,165102,1488,3060,503000,802,68,,,80,615,,0,371830536031
65,45,2428,388,679,603,603,11,165000,1914,2645,520800,870,60,,,107,552,,0,371830536032
13,12,1848,211,568,517,517,14,210474,2638,2870,558100,613,0,,,74,374,,9,371830536041
51,15,2595,329,916,859,859,0,164792,1785,2774,750300,1013,22,,,30,667,,22,371830536042
121,176,4746,636,1273,959,959,134,108333,1679,1837,357200,1679,75,,,150,1131,,22,371830536081
98,193,3516,598,998,893,893,239,180523,1845,2294,385900,1228,0,,,109,752,,0,371830536082
51,29,1385,125,257,209,209,47,82936,1345,1564,327500,701,114,,,86,295,,0,371830536091
65,9,1747,324,548,462,462,30,138355,1423,2219,437400,583,0,,,59,530,,0,371830536111
34,92,2130,312,576,576,576,21,146310,2097,2205,407400,734,40,,,0,850,,24,371830536112
16,72,1619,130,403,322,322,0,102434,2188,2105,416200,601,43,,,155,329,,0,371830536113
0,166,1666,173,463,411,411,131,84819,1474,1372,187100,623,0,,,90,506,,0,371830536114
0,40,409,48,101,101,101,15,69356,1243,-666666666,-666666666,257,80,,,70,135,,0,371830536121
179,51,2565,367,644,535,535,98,130568,1532,1755,311100,805,0,,,301,687,,22,371830536122
0,0,1230,0,266,202,202,0,66689,1440,-666666666,-666666666,869,0,,,67,372,,0,371830536131
41,0,1231,50,113,99,99,21,67357,1343,-666666666,-666666666,821,77,,,73,445,,0,371830536132
0,41,1858,185,549,502,502,41,167606,-666666666,2691,623900,658,0,,,93,679,,0,371830536133
68,0,828,150,267,267,267,70,123946,2239,3545,403300,369,66,,,0,268,,0,371830536141
265,0,2072,271,497,374,374,68,126705,1479,2098,328800,799,0,,,83,802,,0,371830536142
0,0,1754,100,471,416,416,0,95891,1381,2333,-666666666,1154,53,,,251,455,,0,371830536151
0,31,2510,158,597,427,427,32,105098,1384,1643,279200,1261,0,,,88,842,,0,371830536152
97,35,1612,170,361,301,301,120,78125,1365,1592,280800,950,108,,,116,574,,0,371830536161
31,6,639,60,164,144,144,0,183636,-666666666,3861,696000,234,0,,,51,132,,0,371830536162
65,62,2622,318,870,766,766,64,175052,1846,2396,523400,1146,97,,,74,850,,0,371830536163
32,38,1859,252,551,376,376,0,126447,2196,1925,355100,622,0,,,56,350,,0,371830536171
362,111,4586,736,1202,1054,1054,182,133864,1681,2238,426900,1629,99,,,112,1046,,0,371830536172
94,120,3461,598,951,782,782,171,137987,2053,2727,547200,1114,0,,,114,725,,0,371830536173
63,143,2672,545,711,640,640,205,83148,1367,-666666666,-666666666,1507,207,,,76,1149,,0,371830536181
57,43,1732,359,480,455,455,47,162782,-666666666,2058,382000,549,0,,,69,359,,0,371830536182
56,31,565,54,128,80,80,0,68068,1642,-666666666,-666666666,269,0,,,24,122,,10,371830536191
30,50,1360,123,285,200,200,0,101806,1828,1660,272500,600,27,,,18,330,,45,371830536201
21,44,2303,260,606,540,540,11,121420,1858,1985,293000,750,0,,,255,477,,0,371830536202
17,34,1871,245,397,358,358,0,127917,1808,2221,364800,560,0,,,68,400,,0,371830536203
112,44,1530,224,306,280,280,13,139597,1599,2440,422400,528,14,,,53,481,,0,371830536204
73,23,1644,247,536,502,502,101,145341,-666666666,2239,465300,638,41,,,33,479,,0,371830537111
72,0,1772,196,533,522,522,25,143654,-666666666,2350,434900,695,81,,,12,735,,0,371830537112
68,0,1313,85,313,243,243,45,84038,1109,2466,416200,730,92,,,103,443,,0,371830537113
23,33,1331,192,368,347,347,34,120781,1462,1852,388300,610,95,,,47,442,,0,371830537121
20,130,1615,133,490,403,403,85,122199,-666666666,1848,341800,665,0,,,166,434,,0,371830537122
3,0,1571,27,293,108,108,0,53514,1175,2333,319400,1092,202,,,112,386,,0,371830537131
0,10,1416,50,454,273,273,11,39401,1108,1905,444200,1053,201,,,268,350,,0,371830537132
55,35,1936,252,559,511,511,18,109019,1738,1968,312100,731,0,,,60,606,,0,371830537141
5,32,2184,180,508,411,411,58,102663,1291,2301,451000,1288,271,,,63,709,,0,371830537142
24,18,748,34,197,196,196,34,87000,1313,1484,278200,491,119,,,85,210,,0,371830537143
43,24,1832,156,589,523,523,23,55000,1137,1870,312800,870,96,,,153,608,,0,371830537151
31,40,1702,176,559,482,482,53,137679,-666666666,2212,364700,749,72,,,86,499,,8,371830537152
16,75,1009,15,234,98,98,0,51450,1211,1354,256100,521,0,,,56,162,,0,371830537161
82,58,1308,86,316,134,134,70,75000,1339,1658,328100,541,17,,,15,424,,20,371830537162
69,53,2521,151,621,406,406,71,68214,1163,1612,292500,1120,94,,,63,820,,21,371830537163
60,54,1329,134,274,216,216,70,84960,1488,1465,239100,721,81,,,72,373,,0,371830537171
131,81,2876,107,592,359,359,68,76364,1448,1395,236800,1923,237,,,275,681,,0,371830537172
72,60,1602,187,413,350,350,48,102766,-666666666,1708,287600,606,0,,,136,481,,0,371830537181
41,51,1664,292,445,407,407,32,144167,2075,2007,353700,514,0,,,112,471,,0,371830537182
43,42,830,129,249,215,215,23,121786,-666666666,1823,334200,290,0,,,37,305,,0,371830537191
90,32,1092,194,327,272,272,107,122250,-666666666,1674,279900,380,0,,,60,384,,7,371830537192
0,20,1227,184,334,325,325,4,168170,2020,2082,388000,341,0,,,31,289,,0,371830537193
87,41,1027,149,285,285,285,37,152813,-666666666,1995,349100,338,7,,,45,361,,0,371830537194
0,16,1308,135,428,410,410,6,137241,-666666666,1973,417400,491,0,,,143,476,,0,371830537201
25,0,847,53,307,276,276,7,135481,-666666666,2196,459100,356,23,,,45,303,,0,371830537202
99,38,2144,314,619,579,579,42,171250,-666666666,2554,466100,752,68,,,46,744,,0,371830537203
0,0,633,76,204,204,204,0,207778,-666666666,3750,644700,234,0,,,19,130,,0,371830537211
68,48,1629,148,486,415,415,31,147277,3221,2325,416800,590,19,,,80,460,,0,371830537212
27,60,1455,168,504,504,504,50,175852,-666666666,2756,474000,544,0,,,44,624,,22,371830537213
29,0,1214,55,318,268,268,10,76886,1363,1370,335400,636,19,,,103,496,,0,371830537221
9,20,1977,96,477,460,460,20,80443,1596,1799,413800,953,80,,,159,412,,12,371830537222
0,0,995,76,298,298,298,0,129583,-666666666,1810,407700,427,0,,,86,309,,0,371830537223
0,0,673,7,124,113,113,0,115198,1305,2244,362100,481,0,,,0,249,,0,371830537224
30,79,2001,89,566,446,446,42,78333,1372,2019,488600,1077,183,,,84,426,,25,371830537231
0,15,1534,21,389,346,346,0,65250,1359,1423,222800,818,43,,,145,452,,0,371830537232
28,67,2253,285,469,424,424,15,103311,1013,1950,329300,1124,196,,,78,519,,0,371830537241
170,89,1745,215,407,344,344,66,98542,1797,1573,275900,706,0,,,205,551,,0,371830537242
49,15,1533,188,451,344,344,55,95469,1768,2209,311200,658,72,,,62,445,,10,371830537243
49,108,2378,229,586,548,548,136,131369,1370,2847,430000,1162,289,,,102,647,,0,371830537251
58,0,1372,189,420,335,335,0,97568,1644,1371,240200,749,88,,,86,322,,0,371830537252
56,78,1381,181,362,285,285,58,91447,1207,1900,353200,638,44,,,81,274,,0,371830537253
82,9,1642,125,418,323,323,50,83613,1337,1452,268200,772,117,,,170,439,,0,371830537261
11,46,1486,89,317,140,140,0,52188,1178,1568,252200,864,151,,,144,338,,0,371830537262
40,71,1744,138,380,238,238,48,77143,1162,2089,390200,878,82,,,103,503,,0,371830537271
22,0,679,73,157,143,143,37,99423,-666666666,1696,267800,418,42,,,45,264,,0,371830537272
9,35,2856,339,650,523,523,34,133519,1485,2109,371300,1206,56,,,104,943,,0,371830537273
0,0,838,0,71,49,49,0,50417,1117,-666666666,-666666666,763,125,,,29,209,,0,371830537281
33,31,1575,70,252,84,84,35,73033,981,1580,263000,972,85,,,82,636,,0,371830537282
161,42,2356,175,648,622,622,51,120000,3501,1870,351000,1112,72,,,193,657,,0,371830537291
115,15,2454,114,555,361,361,47,67460,1352,1321,260100,975,62,,,244,323,,9,371830537292
85,159,980,49,130,92,92,0,47440,1114,-666666666,-666666666,607,181,,,91,155,,0,371830537301
43,24,1860,131,492,217,217,28,67697,1136,985,146500,815,12,,,264,356,,0,371830537302
80,188,2804,389,860,734,734,100,211126,-666666666,2803,544700,943,45,,,95,786,,0,371830538031
61,11,1204,153,344,323,323,59,212000,-666666666,2581,569300,484,62,,,22,425,,0,371830538032
36,46,2476,244,740,645,645,31,173750,1731,2665,585700,956,108,,,145,770,,0,371830538041
15,9,965,118,301,282,282,10,135050,-666666666,2492,468000,478,145,,,32,206,,0,371830538042
4,4,1102,120,354,354,354,4,168750,-666666666,2397,586600,440,45,,,54,331,,0,371830538051
21,38,783,67,270,270,270,39,93958,-666666666,2534,452200,350,17,,,126,223,,5,371830538052
7,0,2090,232,663,646,646,0,132917,-666666666,2179,417200,798,49,,,79,645,,0,371830538061
10,23,1060,118,315,305,305,19,137697,-666666666,2080,436500,376,15,,,45,403,,21,371830538062
38,66,1954,204,568,468,468,61,106875,1520,2701,550000,850,85,,,92,619,,10,371830538071
55,102,2909,313,914,746,746,31,138992,-666666666,2250,442200,1025,30,,,148,993,,0,371830538072
25,21,975,86,311,303,303,22,141845,-666666666,2639,646600,359,0,,,49,242,,0,371830538081
119,9,1403,120,445,424,424,60,160000,-666666666,2805,667200,589,41,,,40,478,,22,371830538082
0,14,1986,254,716,716,716,8,156591,-666666666,2224,504300,780,24,,,72,721,,12,371830538083
13,10,710,78,244,234,234,6,114605,-666666666,2009,485600,285,27,,,12,256,,7,371830538084
18,0,869,83,263,263,263,18,-666666666,-666666666,2766,725000,338,0,,,87,231,,0,371830539011
0,61,1247,179,330,330,330,15,201089,-666666666,3203,590700,367,0,,,140,261,,24,371830539012
22,38,2052,259,589,558,558,53,166711,-666666666,2937,642700,684,46,,,178,499,,5,371830539013
21,0,877,38,290,224,224,0,104063,-666666666,2333,359000,359,0,,,161,186,,0,371830539021
24,104,2319,220,756,653,653,46,174009,-666666666,2625,417300,820,0,,,180,529,,0,371830539022
176,0,2752,388,633,558,558,86,209440,-666666666,2446,439000,1059,50,,,124,672,,13,371830539023
14,98,2294,196,682,326,326,14,93021,1348,1723,308400,1047,108,,,258,614,,0,371830540011
0,41,1198,84,251,190,190,46,38750,775,1358,255200,719,28,,,203,416,,47,371830540012
89,0,1786,102,332,224,224,59,54011,1035,1052,182600,1360,371,,,258,482,,0,371830540013
0,0,1496,42,363,331,331,0,81507,1833,1583,262900,833,0,,,273,535,,0,371830540041
25,12,1255,60,271,192,192,25,73359,1143,1228,257600,605,0,,,97,341,,76,371830540042
35,47,1007,83,201,167,167,34,69605,1041,1156,149100,682,166,,,104,241,,0,371830540043
117,158,1183,95,236,95,95,63,38245,1088,938,158800,538,120,,,109,124,,0,371830540044
70,88,2397,167,542,326,326,10,44444,1109,1806,290600,1023,119,,,280,308,,6,371830540061
0,19,972,98,308,242,242,22,82008,-666666666,1388,279500,470,59,,,94,253,,11,371830540062
3,10,2212,79,549,354,354,14,65793,1185,1314,200700,1219,97,,,229,538,,21,371830540071
24,119,2140,172,483,378,378,26,72639,1350,1375,286400,1112,133,,,210,466,,11,371830540072
65,151,1910,219,406,351,351,114,69167,1518,1419,204000,576,0,,,146,643,,30,371830540081
78,119,2787,142,650,325,325,41,43892,1111,-666666666,-666666666,1156,71,,,168,388,,19,371830540082
78,26,1433,45,343,173,173,28,51970,1136,-666666666,-666666666,801,249,,,180,175,,0,371830540083
0,39,830,0,179,0,0,0,37000,983,-666666666,-666666666,588,142,,,91,158,,0,371830540084
49,52,1430,141,421,384,384,56,127969,-666666666,2182,359800,507,0,,,65,472,,0,371830540111
149,9,1413,137,460,387,387,73,122554,1788,1852,339300,607,36,,,30,420,,0,371830540112
66,26,1958,165,594,524,524,41,112598,1344,3017,635300,822,27,,,230,563,,0,371830540121
49,27,1039,115,326,305,305,53,104286,1203,1853,393100,422,0,,,52,317,,0,371830540122
30,11,643,50,205,194,194,12,117206,-666666666,1719,354600,294,0,,,64,155,,0,371830540123
165,269,4380,462,983,696,696,59,50786,1352,1403,223800,1953,244,,,457,1081,,21,371830540151
81,0,1180,82,333,263,263,101,97095,1471,1817,306000,608,51,,,48,356,,13,371830540161
86,21,2313,308,636,586,586,72,107327,1162,1953,336200,1019,26,,,89,767,,0,371830540162
157,21,3147,326,816,757,757,57,123594,1432,1713,323300,1164,0,,,298,902,,0,371830540163
57,168,2684,258,646,470,470,48,76250,1218,1566,271800,1372,228,,,382,458,,21,371830540171
65,18,1455,105,298,194,194,69,56051,1119,1475,379700,796,54,,,131,424,,0,371830540181
141,124,2443,149,631,252,252,56,52056,1297,1299,183600,1178,107,,,161,419,,0,371830540182
51,161,1990,301,527,468,468,88,168737,-666666666,2147,370000,844,136,,,99,611,,23,371830540191
21,57,2754,316,786,683,683,23,86708,1387,2692,452000,1219,162,,,450,601,,0,371830540192
0,49,1268,0,195,38,38,0,102966,1654,1351,174000,655,63,,,0,454,,0,371830540201
27,42,3372,286,911,568,568,27,126780,1418,1716,336300,1390,52,,,303,979,,0,371830540202
65,0,1075,215,277,242,242,0,155210,-666666666,2389,363200,430,36,,,27,386,,0,371830540211
57,26,1534,284,406,381,381,27,140375,-666666666,2234,456700,438,0,,,48,384,,0,371830540212
0,85,1093,76,190,101,101,0,46558,1547,-666666666,155900,413,0,,,4,116,,0,371830540221
0,98,1672,59,497,126,126,0,46992,1189,1125,-666666666,860,75,,,219,269,,0,371830540222
104,0,1676,155,358,275,275,0,-666666666,-666666666,1155,221500,530,0,,,31,356,,0,371830540223
55,24,2332,258,589,485,485,66,88581,-666666666,1646,249600,788,0,,,106,556,,28,371830540231
390,32,3153,127,785,155,155,23,39783,1294,1015,161600,1621,253,,,420,467,,0,371830540232
45,0,1811,104,477,373,373,47,73967,1495,1597,255900,798,78,,,164,368,,0,371830540233
10,0,2345,118,442,187,187,0,67986,-666666666,1383,222500,526,0,,,94,327,,0,371830541061
99,0,1957,161,529,498,498,0,61986,934,1075,177000,860,62,,,421,237,,16,371830541062
38,0,2169,120,460,272,272,0,88932,1339,1451,214900,938,85,,,186,426,,51,371830541063
16,89,2167,130,400,205,205,16,51155,1148,1362,-666666666,831,143,,,131,381,,0,371830541064
19,113,2044,115,630,373,373,23,68289,1394,1082,159400,788,0,,,515,275,,14,371830541081
134,134,2679,283,683,486,486,81,72361,1285,1572,228900,1057,77,,,290,362,,36,371830541082
74,54,3368,300,799,591,591,33,66193,1370,1054,157500,942,0,,,394,174,,0,371830541083
31,9,2277,294,773,711,711,21,128438,-666666666,2005,318600,838,33,,,197,450,,12,371830541091
6,43,1732,74,470,327,327,14,79792,768,1693,260300,697,46,,,241,208,,25,371830541092
80,70,1862,177,497,437,437,64,90550,1304,1595,258900,653,0,,,221,293,,32,371830541111
10,19,709,46,174,130,130,4,95486,841,1266,195000,231,26,,,141,70,,0,371830541112
98,8,1217,49,344,154,154,8,71845,-666666666,1343,166000,397,0,,,113,87,,20,371830541121
124,183,2765,352,669,455,455,124,65400,1175,1775,277200,986,0,,,268,597,,11,371830541122
35,72,1871,176,538,447,447,42,102589,-666666666,1595,286700,861,111,,,354,330,,5,371830541131
140,88,3181,310,753,453,453,101,60397,1334,1375,198300,1284,99,,,316,450,,6,371830541132
53,94,3500,277,1077,906,906,100,95313,695,1600,252300,1493,118,,,548,489,,0,371830541141
87,66,2082,243,482,326,326,46,57030,1100,1355,168000,667,0,,,150,520,,0,371830541142
41,193,3166,259,780,481,481,9,115607,723,1630,284100,843,0,,,351,281,,0,371830541143
196,20,3274,425,829,653,653,146,95607,-666666666,1547,228400,1323,0,,,413,595,,0,371830541151
0,0,1176,40,231,208,208,0,54678,763,1226,191900,550,15,,,159,239,,0,371830541152
94,80,3881,73,1125,560,560,22,56402,1180,1473,223800,1917,106,,,560,461,,10,371830541153
28,5,3081,406,827,751,751,29,75625,1161,1587,247500,1361,0,,,186,1152,,0,371830541161
79,18,1181,147,320,223,223,70,91333,1285,1489,231900,392,0,,,172,225,,0,371830541162
114,54,2581,114,500,249,249,0,62866,1260,1388,41400,730,0,,,392,236,,0,371830541163
22,63,2166,198,529,380,380,12,96186,1871,1449,239200,662,42,,,191,483,,0,371830541171
19,44,2035,210,569,439,439,0,80100,1386,1421,218200,706,46,,,217,352,,11,371830541172
52,151,1584,162,422,351,351,90,69779,-666666666,1392,207600,605,44,,,346,82,,0,371830541173
0,0,2255,71,562,317,317,0,75649,-666666666,1169,203700,1089,0,,,245,346,,0,371830541181
84,81,2278,151,632,563,563,83,111700,1688,1564,218500,856,0,,,99,531,,0,371830541182
53,0,3009,220,759,378,378,27,73712,1558,1277,192600,1480,169,,,450,580,,0,371830541191
172,0,5272,329,1028,597,597,88,93931,1444,1290,180900,1693,0,,,1106,777,,19,371830541192
0,0,590,22,181,161,161,0,106133,-666666666,1274,329800,181,0,,,58,185,,0,371830541193
34,59,1361,88,356,333,333,31,106250,-666666666,1425,257800,603,102,,,149,372,,12,371830541201
105,75,4353,326,1223,771,771,66,88304,1400,1232,214300,1569,0,,,567,1028,,0,371830541211
83,163,4948,609,1431,971,971,121,102742,1647,1641,274900,1580,0,,,493,939,,0,371830541212
0,52,1958,212,511,487,487,27,92266,-666666666,1892,375300,751,0,,,353,487,,0,371830542031
0,34,2545,311,760,720,720,36,168750,-666666666,2403,428900,844,8,,,118,627,,0,371830542032
301,38,3034,344,789,595,595,115,94737,1234,1703,265900,982,14,,,149,586,,0,371830542041
68,219,2350,168,705,459,459,79,57125,1107,1227,211700,940,25,,,157,489,,0,371830542042
45,44,743,92,100,100,100,55,-666666666,979,-666666666,-666666666,247,0,,,62,81,,0,371830542061
75,57,3416,274,806,620,620,83,73393,1349,1673,277000,1914,219,,,380,746,,15,371830542062
61,36,2116,269,650,612,612,67,103819,1102,1683,269100,764,11,,,151,607,,0,371830542063
40,47,2093,173,641,322,322,36,107389,1709,2370,393800,767,0,,,92,808,,0,371830542121
20,0,1974,77,543,446,446,0,108653,1641,1609,287100,849,0,,,150,472,,0,371830542122
156,74,3091,134,458,304,304,29,78207,1354,1404,224200,1692,155,,,260,332,,0,371830542123
42,74,1021,104,251,187,187,25,87256,1566,2137,345100,759,367,,,45,186,,0,371830542131
0,12,1540,147,489,467,467,14,205795,758,2775,489500,573,0,,,144,429,,0,371830542132
10,21,1027,177,312,300,300,22,146875,-666666666,2993,474600,350,12,,,18,273,,0,371830542133
29,45,931,130,225,225,225,0,127589,-666666666,2288,414800,289,14,,,96,158,,6,371830542141
0,89,1298,93,297,198,198,0,63879,-666666666,2070,289400,480,0,,,102,156,,0,371830542142
0,0,1240,54,293,275,275,0,88506,-666666666,1470,205500,515,44,,,217,290,,0,371830542151
291,102,3503,484,1011,819,819,136,98895,1385,1992,333500,1196,16,,,315,597,,0,371830542152
0,0,871,109,217,217,217,0,-666666666,1129,2068,326500,476,61,,,56,243,,0,371830542161
0,78,1735,242,537,496,496,21,106719,-666666666,2011,300000,631,0,,,26,353,,0,371830542162
47,40,2348,241,722,576,576,60,100350,866,2020,419200,841,0,,,220,745,,0,371830542163
159,98,2924,507,779,771,771,26,149292,-666666666,2387,364700,874,0,,,199,879,,0,371830542171
0,0,525,19,205,192,192,0,112596,-666666666,3395,366700,216,0,,,0,69,,0,371830542172
48,339,2695,268,556,478,478,40,127018,-666666666,2357,358900,564,0,,,105,328,,0,371830542173
184,107,3350,346,1021,700,700,76,95800,1160,1493,255000,1446,0,,,172,673,,0,371830542181
76,87,2295,133,608,414,414,75,65625,1188,1167,198200,862,0,,,317,531,,17,371830542182
30,12,1382,191,336,325,325,21,94224,-666666666,1745,282300,432,0,,,130,189,,0,371830542183
77,81,1746,171,557,462,462,78,129219,-666666666,1919,335200,646,0,,,48,590,,0,371830542184
60,53,2032,290,568,515,515,38,175060,-666666666,2658,392800,734,0,,,41,582,,0,371830542191
57,186,2295,291,694,462,462,158,103299,1211,2204,341400,923,0,,,162,376,,0,371830542192
136,75,2408,290,606,484,484,42,125833,1223,2394,367600,866,0,,,171,523,,14,371830542201
30,67,822,166,234,189,189,126,116250,1654,1601,239500,352,38,,,50,229,,0,371830542202
49,17,2145,106,561,226,226,17,33448,869,1852,223600,1328,200,,,134,270,,39,371830542203
18,0,3025,368,1016,1014,1014,16,121133,-666666666,1932,365600,1118,0,,,406,539,,0,371830542211
129,105,1436,96,301,169,169,0,125022,-666666666,1848,296200,427,0,,,52,231,,0,371830542212
96,119,1842,198,585,585,585,40,116047,-666666666,1642,264900,697,0,,,214,365,,0,371830542213
39,58,2047,163,641,431,431,39,77544,1270,1766,372600,842,0,,,151,475,,0,371830542221
32,64,2056,299,503,487,487,32,141699,-666666666,2152,337800,774,87,,,103,436,,0,371830542222
266,242,3459,590,891,891,891,163,154364,-666666666,2184,396000,1060,0,,,113,988,,0,371830542223
0,0,136,19,49,49,49,0,250001,-666666666,-666666666,-666666666,49,0,,,0,54,,0,371830542224
49,62,1494,147,335,310,310,36,71136,905,1426,311900,627,77,,,125,341,,0,371830542231
46,10,1291,79,555,553,553,41,-666666666,942,2236,-666666666,819,152,,,2,774,,14,371830542232
136,135,1847,183,349,310,310,76,74550,1424,1717,347700,517,0,,,161,327,,0,371830542241
12,48,1575,14,508,266,266,0,53375,1068,855,-666666666,663,91,,,276,52,,0,371830542242
79,63,1715,152,417,319,319,67,61761,943,1572,265400,684,65,,,206,378,,0,371830542243
0,0,1575,153,581,552,552,0,39633,-666666666,1907,198700,848,97,,,351,415,,0,371830543031
0,0,1154,85,315,229,229,59,-666666666,-666666666,1460,260300,366,0,,,338,39,,0,371830543032
75,149,2825,281,967,747,747,92,87708,-666666666,1662,256300,1195,98,,,376,473,,13,371830543041
47,41,1365,67,422,345,345,42,93514,-666666666,1701,344400,535,0,,,303,239,,0,371830543042
12,0,1969,125,457,294,294,12,88784,896,-666666666,441100,703,11,,,653,138,,0,371830543051
150,115,2602,159,747,541,541,24,59350,1095,1327,178000,983,62,,,341,456,,0,371830543052
82,20,2127,183,446,243,243,0,44986,1274,998,113700,716,47,,,107,130,,0,371830543061
0,56,1915,78,487,411,411,13,21744,629,1527,172900,811,105,,,287,145,,34,371830543062
0,51,570,0,112,82,82,0,70800,-666666666,1149,133100,205,63,,,120,18,,0,371830543063
0,0,1096,82,252,235,235,0,90216,-666666666,1424,222600,511,86,,,62,140,,0,371830544021
228,77,3027,366,728,571,571,55,86250,1420,1420,197200,1164,80,,,298,251,,0,371830544022
186,91,4044,296,1032,920,920,98,108190,1190,1641,300000,1492,92,,,526,934,,14,371830544023
34,52,1029,28,266,195,195,0,68594,798,1366,132900,343,18,,,183,45,,0,371830544031
39,15,1280,149,339,284,284,11,71465,642,1659,148100,403,10,,,124,222,,19,371830544032
19,59,1547,113,432,276,276,16,66600,1217,1404,186700,542,0,,,289,170,,13,371830544033
108,102,3787,201,724,542,542,68,62014,968,1204,206800,1490,18,,,767,330,,0,371830544041
16,87,1333,90,387,256,256,0,-666666666,-666666666,1711,166600,413,0,,,141,162,,0,371830544042
109,44,2593,113,750,495,495,0,63133,1019,1385,191200,966,0,,,391,316,,0,371830544043
16,77,1254,140,287,287,287,98,96202,1891,1861,347800,547,0,,,24,591,,65,371830545011
25,136,1582,106,356,221,221,40,30865,976,1316,250700,917,74,,,381,244,,0,371830545012
0,0,755,0,127,67,67,0,48821,1160,-666666666,-666666666,373,44,,,147,91,,0,371830545013
0,134,2432,102,573,226,226,0,41529,842,1505,239400,976,58,,,247,370,,0,371830545014
14,123,1088,87,200,87,87,0,51346,1585,-666666666,-666666666,260,0,,,77,86,,0,371830545021
0,0,363,0,44,13,13,0,46583,1117,1049,150000,179,0,,,13,109,,0,371830545022
24,50,1486,54,125,113,113,38,81406,1220,1139,270500,240,0,,,197,225,,0,371830545023
66,76,1271,28,199,160,160,0,31507,1159,-666666666,302700,637,0,,,27,98,,0,371830545024
0,0,0,0,0,0,0,0,-666666666,-666666666,-666666666,-666666666,0,0,,,0,0,,0,371839801001
0,0,0,0,0,0,0,0,-666666666,-666666666,-666666666,-666666666,0,0,,,0,0,,0,371839802001
108,26,1193,83,284,179,179,74,76482,964,1365,197400,569,24,,,90,229,,15,370630001011
8,98,2727,65,676,444,444,8,74167,741,1269,170300,920,0,,,578,349,,0,370630001012
71,57,1807,187,431,264,264,15,39327,928,1242,206600,862,131,,,191,142,,0,370630001021
0,32,759,40,181,146,146,40,65469,1263,1303,228400,452,61,,,21,361,,9,370630001022
5,4,603,39,164,140,140,4,56042,1178,1088,192900,277,0,,,46,138,,0,370630001023
14,3,570,16,124,50,50,5,61964,1075,1369,206500,197,0,,,90,51,,0,370630001024
69,109,1221,136,260,163,163,17,-666666666,764,1893,-666666666,425,36,,,115,238,,0,370630002001
53,53,1532,63,374,125,125,57,55477,873,1737,375000,577,86,,,160,204,,0,370630002002
19,5,652,70,143,130,130,6,138929,-666666666,1854,453900,281,63,,,23,128,,0,370630002003
77,47,1340,62,256,112,112,14,39286,993,1119,221900,754,52,,,188,245,,0,370630003011
6,0,569,7,100,69,69,7,-666666666,690,1317,360000,367,17,,,28,100,,0,370630003012
8,19,994,41,154,115,115,30,51658,1063,-666666666,552600,594,0,,,30,279,,0,370630003013
75,74,1136,122,373,282,282,85,135391,1541,1867,458300,496,27,,,0,228,,0,370630003021
19,62,1040,64,193,174,174,42,72333,1134,2301,438000,593,113,,,25,217,,0,370630003022
81,66,1434,77,396,184,184,26,88714,1194,3024,584400,588,0,,,154,247,,0,370630003023
7,5,846,29,237,197,197,6,101544,1589,1428,267200,466,31,,,40,254,,0,370630004011
57,19,776,102,207,183,183,59,163472,-666666666,1692,397100,302,14,,,39,114,,0,370630004012
57,56,879,132,204,179,179,64,100721,897,1966,376200,412,17,,,72,105,,0,370630004013
20,26,1361,72,230,174,174,28,36721,1003,1630,331300,845,40,,,53,456,,0,370630004021
0,7,1307,9,109,102,102,9,41047,1816,-666666666,252900,981,135,,,5,606,,6,370630004022
0,0,747,0,21,21,21,0,14688,844,-666666666,-666666666,175,79,,,18,26,,22,370630005001
13,34,1033,84,199,182,182,30,57200,980,1924,431700,424,46,,,62,194,,7,370630005002
11,12,1010,24,202,92,92,24,38750,860,900,174500,672,100,,,149,177,,19,370630005003
115,28,1732,52,308,90,90,0,28897,746,958,-666666666,590,66,,,206,95,,31,370630005004
18,0,632,74,184,167,167,15,104444,-666666666,1879,451800,318,54,,,0,70,,0,370630006001
55,0,1447,81,246,153,153,0,30083,745,1638,376000,745,0,,,319,122,,0,370630006002
151,151,3274,271,640,502,502,179,64976,1127,1352,314600,1621,56,,,203,583,,80,370630006003
11,26,1462,23,92,92,92,23,41915,1277,2250,-666666666,1131,87,,,97,249,,0,370630007001
27,5,1226,138,373,308,308,27,126757,1446,2147,465300,492,40,,,47,234,,0,370630007002
19,117,1254,176,261,212,212,59,113438,1580,1772,336000,489,0,,,72,240,,0,370630007003
20,57,810,20,152,60,60,35,-666666666,1006,1175,-666666666,361,53,,,142,46,,7,370630009001
24,47,941,49,209,90,90,49,64338,840,1871,282900,522,79,,,118,95,,14,370630009002
55,0,836,14,148,77,77,10,31333,986,1477,208600,498,78,,,62,87,,4,370630010011
0,90,1829,72,408,116,116,0,32118,839,1096,115100,635,43,,,68,79,,0,370630010012
46,0,638,8,290,184,184,0,26797,1168,-666666666,341600,336,0,,,102,29,,0,370630010013
0,12,369,0,76,34,34,0,-666666666,714,-666666666,-666666666,194,28,,,38,37,,0,370630010014
54,0,1083,109,204,165,165,32,-666666666,673,1210,141500,384,0,,,132,66,,0,370630010021
0,0,605,0,104,14,14,0,42616,688,787,-666666666,321,0,,,159,54,,0,370630010022
91,106,1377,61,218,123,123,35,26786,782,1099,-666666666,551,89,,,247,70,,7,370630010023
167,147,1280,0,230,14,14,0,18234,870,-666666666,-666666666,437,20,,,161,0,,0,370630010024
40,88,1193,157,283,191,191,0,28831,914,-666666666,151800,463,73,,,202,143,,0,370630010025
13,57,1382,26,241,106,106,0,25930,622,1162,215400,599,53,,,196,102,,0,370630011001
5,0,517,12,123,70,70,0,34324,1045,1243,234600,370,96,,,58,99,,0,370630011002
154,8,1203,41,188,41,41,26,27964,516,1103,140800,475,44,,,332,53,,14,370630011003
71,15,1191,80,220,89,89,0,41927,799,771,109700,532,105,,,188,149,,0,370630013011
0,41,766,26,124,30,30,0,36958,805,-666666666,-666666666,444,69,,,159,42,,24,370630013012
156,33,2309,14,287,87,87,0,53417,1182,1029,224500,491,56,,,178,240,,10,370630013031
31,0,2228,10,149,42,42,0,42731,976,874,157700,396,53,,,121,101,,0,370630013032
97,20,1389,28,289,101,101,0,35824,802,-666666666,154000,540,39,,,191,140,,23,370630013041
97,37,1188,30,180,30,30,0,33602,705,900,123900,668,37,,,193,132,,10,370630013042
0,0,636,0,141,22,22,0,41406,770,1100,120200,467,0,,,28,143,,20,370630014001
139,156,1937,23,396,85,85,26,31115,592,903,172300,922,168,,,386,80,,7,370630014002
0,0,3559,0,3,3,3,0,-666666666,-666666666,-666666666,-666666666,25,10,,,0,22,,0,370630015011
0,0,1909,0,0,0,0,0,-666666666,-666666666,-666666666,-666666666,4,4,,,0,8,,0,370630015031
0,0,960,0,180,46,46,0,-666666666,943,-666666666,-666666666,707,147,,,76,69,,0,370630015041
0,0,1233,0,169,13,13,0,32005,1063,-666666666,-666666666,800,148,,,40,291,,0,370630015042
143,145,1754,25,258,25,25,0,27633,934,-666666666,-666666666,1000,142,,,425,89,,0,370630015051
0,0,1253,0,59,59,59,0,36579,1568,-666666666,-666666666,856,80,,,72,291,,0,370630015052
13,84,915,40,59,59,59,28,36915,1441,-666666666,-666666666,458,31,,,30,212,,0,370630015053
0,33,1341,132,293,293,293,0,66223,1341,1252,215300,474,0,,,226,123,,0,370630016011
49,0,1196,77,346,229,229,33,72618,-666666666,1502,248800,537,50,,,126,159,,0,370630016012
0,0,804,50,165,151,151,0,147165,-666666666,1594,256500,321,0,,,144,184,,33,370630016013
34,33,1094,64,301,182,182,0,75739,1143,1308,199400,466,0,,,267,173,,35,370630016014
28,0,749,48,239,207,207,19,82273,1453,1504,225600,363,31,,,122,191,,0,370630016015
0,0,0,0,0,0,0,0,-666666666,-666666666,-666666666,-666666666,0,0,,,0,0,,0,370630016016
19,0,484,13,163,144,144,20,136563,-666666666,2091,322800,221,14,,,40,170,,0,370630016031
0,0,1211,109,315,276,276,0,-666666666,-666666666,1415,203800,576,0,,,115,279,,0,370630016032
0,0,1208,108,281,251,251,0,56994,-666666666,1310,187900,499,0,,,263,135,,30,370630016033
49,48,1457,74,553,227,227,43,51806,1376,1442,212100,639,0,,,65,277,,0,370630016034
7,155,2115,294,593,463,463,0,105162,2023,1658,257100,697,0,,,170,401,,32,370630016035
0,0,779,0,240,211,211,0,134904,-666666666,1911,324400,385,0,,,61,202,,0,370630016036
60,85,1509,146,510,433,433,47,111250,-666666666,1771,288800,626,12,,,166,302,,13,370630016041
0,0,382,32,110,110,110,0,-666666666,-666666666,1494,292700,184,34,,,37,126,,0,370630016042
67,0,674,113,179,166,166,49,111204,-666666666,1767,295300,264,0,,,16,140,,0,370630016043
14,0,1172,74,419,391,391,11,121108,-666666666,1656,306200,491,0,,,71,424,,0,370630016044
28,0,881,34,352,313,313,15,78382,-666666666,1784,270300,458,0,,,31,169,,45,370630016045
0,10,1280,59,467,235,235,0,67212,-666666666,1863,281400,552,21,,,111,200,,0,370630016046
48,14,693,79,282,282,282,47,86964,-666666666,1748,232200,367,13,,,99,146,,0,370630016047
0,21,742,0,182,142,142,0,109886,1231,3204,629100,399,0,,,19,316,,0,370630017051
64,89,1402,76,348,168,168,0,60237,1306,823,154200,639,19,,,121,256,,23,370630017052
0,0,836,0,229,121,121,0,-666666666,1216,919,203300,472,0,,,54,190,,26,370630017053
47,62,1133,139,355,291,291,27,99795,1297,1535,225600,421,0,,,137,140,,0,370630017054
114,214,1544,0,327,175,175,0,66818,1269,1197,217200,634,164,,,181,235,,0,370630017055
26,65,2105,134,459,269,269,10,54257,879,1320,195700,1082,50,,,126,406,,0,370630017061
42,0,1205,38,271,49,49,0,34333,822,-666666666,-666666666,726,79,,,13,234,,0,370630017062
38,15,699,104,179,179,179,27,74706,1241,2533,398100,304,0,,,27,345,,0,370630017063
24,42,1210,57,388,371,371,31,102031,1374,1706,296800,568,0,,,19,289,,12,370630017064
0,33,455,20,135,123,123,0,61033,-666666666,1413,162900,167,0,,,12,135,,0,370630017081
13,75,2557,100,704,227,227,31,95451,1685,1504,204400,741,0,,,248,251,,10,370630017082
12,0,791,77,160,118,118,12,20472,288,1219,176100,681,148,,,102,38,,9,370630017083
0,8,1246,148,300,243,243,0,67841,1712,1423,177400,504,21,,,208,156,,42,370630017084
36,14,1465,70,353,164,164,11,53093,1154,1125,118100,431,0,,,267,0,,0,370630017091
0,0,1011,0,199,14,14,0,36732,902,834,119200,490,45,,,271,93,,0,370630017092
0,51,644,0,209,80,80,0,35221,884,-666666666,-666666666,338,0,,,199,44,,0,370630017093
20,33,1030,75,219,165,165,35,42448,1238,-666666666,-666666666,353,0,,,88,72,,47,370630017094
10,0,1234,0,139,27,27,0,51818,1164,-666666666,-666666666,642,64,,,220,252,,0,370630017095
122,0,1474,167,326,191,191,78,22731,1043,1354,210600,564,49,,,217,312,,0,370630017096
0,93,400,38,116,38,38,0,26891,839,-666666666,-666666666,171,0,,,58,22,,0,370630017097
90,67,1776,16,353,36,36,0,62857,957,1175,154400,709,47,,,178,256,,0,370630017101
104,35,2125,158,489,357,357,46,74297,888,1244,196900,752,0,,,195,319,,3,370630017102
0,7,946,7,195,105,105,7,61250,997,1134,190400,507,33,,,140,107,,10,370630017103
83,33,1926,66,450,200,200,58,43530,1060,1392,183800,1005,88,,,241,200,,8,370630017111
73,0,1100,31,174,45,45,22,33258,944,843,96400,722,52,,,288,192,,10,370630017112
29,0,1388,64,303,127,127,23,-666666666,1516,-666666666,221600,775,25,,,199,116,,0,370630017113
0,0,1003,57,263,263,263,0,109297,1757,2821,736100,570,141,,,110,367,,0,370630017121
37,0,1283,65,246,188,188,25,93591,1647,3814,695900,811,32,,,74,573,,0,370630017122
0,0,1139,169,322,266,266,0,-666666666,-666666666,1391,534600,409,0,,,61,332,,0,370630017123
61,76,1539,238,440,440,440,64,117335,2107,2036,336000,519,0,,,109,566,,0,370630017124
0,7,1019,155,327,285,285,8,126083,-666666666,1678,290200,475,45,,,120,182,,0,370630017131
0,0,439,44,142,142,142,0,135804,-666666666,1641,340200,214,55,,,15,107,,0,370630017132
48,99,1260,169,367,312,312,58,128835,1621,1659,313200,459,0,,,85,300,,17,370630017133
0,44,541,28,162,145,145,52,-666666666,-666666666,1354,260100,283,0,,,55,132,,0,370630017134
106,106,2046,14,422,205,205,0,58125,1153,1395,161600,598,0,,,107,208,,0,370630018011
21,145,1194,25,271,93,93,0,50229,1307,1077,169100,393,0,,,115,181,,0,370630018012
197,21,952,72,230,126,126,21,80740,-666666666,1349,147800,354,55,,,158,173,,0,370630018013
0,0,150,36,46,46,46,0,-666666666,-666666666,-666666666,149000,71,0,,,0,12,,13,370630018014
0,0,661,11,156,138,138,0,69250,-666666666,1208,179400,346,0,,,9,237,,13,370630018015
124,97,1471,110,346,214,214,44,48063,1009,1024,165900,650,0,,,287,48,,0,370630018016
55,45,2493,145,555,380,380,23,50078,-666666666,1383,81300,878,67,,,600,281,,12,370630018017
22,89,1424,47,318,47,47,11,28201,755,-666666666,-666666666,646,50,,,301,0,,28,370630018021
94,205,3025,120,829,399,399,0,50250,833,1041,173300,987,96,,,507,66,,19,370630018022
0,127,2277,82,539,326,326,0,40962,1218,1193,122800,730,0,,,603,181,,26,370630018023
24,0,405,0,66,47,47,0,53347,-666666666,-666666666,181100,259,91,,,150,0,,0,370630018024
0,146,2782,420,799,565,565,114,94205,1662,1385,210800,984,20,,,55,552,,0,370630018061
0,0,569,0,219,175,175,0,58830,-666666666,1226,177100,272,0,,,225,62,,0,370630018062
80,45,1640,267,371,329,329,29,63824,1292,1675,186400,466,0,,,184,134,,0,370630018063
36,43,1248,125,360,195,195,47,-666666666,-666666666,1660,240700,507,0,,,234,154,,0,370630018064
0,2,1396,96,408,383,383,0,46891,-666666666,1462,269400,480,11,,,579,0,,0,370630018065
38,0,2052,89,596,379,379,25,76619,2109,1547,259400,850,63,,,273,219,,16,370630018081
130,51,3051,312,1076,890,890,85,114851,1413,2091,321300,1429,54,,,221,1137,,19,370630018082
82,213,2024,176,445,423,423,43,114338,-666666666,1716,317300,660,0,,,77,669,,0,370630018083
88,160,3907,309,1214,1034,1034,104,145264,1524,2107,341500,1645,108,,,169,1187,,0,370630018084
49,14,1022,57,301,258,258,35,112768,732,1472,250500,485,0,,,43,256,,0,370630018091
138,45,2283,104,508,318,318,60,56997,1317,2036,305200,1317,100,,,197,582,,0,370630018092
0,109,1054,35,228,96,96,27,33596,1341,1332,199100,475,39,,,66,69,,0,370630018093
51,0,620,0,155,97,97,0,-666666666,-666666666,1378,-666666666,297,53,,,19,77,,0,370630018094
59,0,1959,106,481,330,330,65,82068,1362,1346,261400,917,0,,,547,313,,0,370630018095
63,72,1318,55,300,152,152,24,39792,-666666666,491,-666666666,475,10,,,392,125,,0,370630018101
18,116,973,36,145,71,71,0,55938,-666666666,1212,179200,253,0,,,58,113,,0,370630018102
0,149,1703,263,385,325,325,33,55379,1440,988,158800,679,31,,,375,263,,0,370630018103
74,138,1632,150,422,319,319,0,106816,-666666666,1658,224800,569,0,,,180,316,,0,370630018111
0,32,807,34,272,134,134,20,80000,-666666666,1250,160800,294,0,,,166,98,,0,370630018112
0,0,909,0,306,172,172,0,78427,-666666666,1126,163300,323,0,,,94,163,,0,370630018113
0,0,859,18,287,224,224,0,115372,-666666666,1200,166500,328,0,,,14,204,,0,370630018114
55,5,1219,123,362,330,330,0,84167,-666666666,1292,163900,466,70,,,151,240,,0,370630018115
0,17,826,39,259,78,78,0,94350,-666666666,1074,208000,337,0,,,134,170,,0,370630018116
67,57,2016,205,614,493,493,82,94784,1732,1522,239000,969,48,,,162,645,,0,370630019001
14,0,608,50,184,184,184,0,94922,-666666666,1934,367400,339,56,,,32,147,,0,370630019002
0,0,2361,25,952,891,891,0,95728,2577,1696,399700,1330,53,,,278,716,,27,370630019003
0,0,626,16,219,194,194,0,92961,-666666666,2037,376000,338,41,,,124,178,,0,370630019004
70,0,900,56,184,162,162,31,74564,1255,-666666666,315100,465,0,,,20,292,,0,370630020071
0,0,929,53,333,157,157,0,78625,-666666666,1370,224400,428,41,,,46,109,,0,370630020072
0,0,548,46,149,110,110,0,86000,-666666666,1745,359000,222,0,,,0,227,,10,370630020073
14,39,1299,79,428,351,351,44,76419,1547,1483,246700,644,15,,,183,239,,0,370630020074
48,0,1508,138,325,255,255,24,55750,1122,1318,254800,797,0,,,46,572,,16,370630020075
11,33,1837,264,588,554,554,44,250001,-666666666,4001,859000,674,56,,,118,465,,0,370630020081
10,12,769,76,202,202,202,16,143875,-666666666,1996,347900,348,0,,,44,147,,0,370630020082
39,43,1178,189,343,343,343,26,208939,-666666666,3339,664600,421,11,,,0,271,,0,370630020083
183,235,2487,47,507,102,102,44,44485,1066,1086,138800,750,20,,,462,251,,58,370630020091
0,59,1490,0,413,93,93,0,30766,545,1335,148000,788,10,,,80,125,,20,370630020092
0,0,1062,47,383,205,205,0,31875,1235,1018,128900,651,88,,,219,149,,8,370630020093
43,27,835,90,218,190,190,0,75625,-666666666,1448,217600,344,0,,,58,176,,0,370630020131
30,6,954,68,317,231,231,25,87857,-666666666,1359,215800,426,0,,,114,228,,0,370630020132
20,91,1796,186,464,425,425,28,104934,1405,1382,229600,718,15,,,137,455,,9,370630020133
8,44,1186,130,387,339,339,27,119911,1669,1398,263300,588,53,,,51,385,,12,370630020134
134,83,2591,90,673,231,231,32,35625,1087,1757,302900,953,40,,,279,122,,0,370630020151
67,0,648,15,146,146,146,15,98393,1672,-666666666,-666666666,357,14,,,28,176,,0,370630020152
22,39,985,58,160,130,130,41,43689,1302,1615,269400,711,120,,,36,328,,0,370630020153
82,0,1004,140,231,217,217,25,75469,1679,1418,235300,483,65,,,104,324,,0,370630020154
0,62,1621,22,272,206,206,22,63475,1215,3652,537200,1083,132,,,155,311,,0,370630020191
26,40,1737,160,387,376,376,29,78158,1458,1695,332900,951,91,,,0,533,,0,370630020192
21,0,1311,86,410,395,395,0,92109,-666666666,1399,332700,755,59,,,131,434,,0,370630020193
139,70,2528,287,732,658,658,49,162067,1793,2193,361000,982,41,,,75,364,,0,370630020201
99,74,1601,157,453,429,429,72,109714,-666666666,2348,356900,677,0,,,74,312,,0,370630020202
87,61,2173,325,536,476,476,47,171197,-666666666,2652,428400,587,0,,,26,211,,0,370630020203
120,91,3031,329,970,942,942,148,171907,-666666666,2761,492800,1160,58,,,13,943,,0,370630020204
165,41,1923,161,425,306,306,101,105735,1555,1649,334000,690,0,,,43,381,,0,370630020211
132,102,1611,166,442,231,231,69,47409,1370,-666666666,120800,773,0,,,364,212,,10,370630020212
41,28,1302,136,281,243,243,44,103421,1439,1916,335100,674,0,,,24,335,,0,370630020213
30,15,1354,101,255,167,167,42,45962,1072,1649,246800,736,0,,,155,259,,0,370630020221
25,122,1622,165,479,404,404,110,110809,-666666666,1571,266500,807,49,,,51,463,,12,370630020222
30,0,1274,68,290,114,114,30,60724,1191,-666666666,-666666666,777,0,,,142,268,,0,370630020223
25,7,1219,96,290,220,220,19,79306,1171,1638,284300,593,11,,,26,362,,0,370630020231
39,0,884,60,197,164,164,8,78333,1176,1935,331100,388,0,,,25,265,,0,370630020232
16,18,828,69,159,148,148,0,78864,1330,1750,290600,360,0,,,54,233,,0,370630020233
75,45,1233,107,263,194,194,51,104276,1155,1157,207000,634,0,,,72,283,,23,370630020241
35,67,1065,152,364,334,334,104,137396,-666666666,2048,340900,440,0,,,35,313,,0,370630020242
0,0,444,0,95,95,95,0,64417,1322,1076,167500,495,154,,,0,164,,32,370630020243
14,46,875,72,174,147,147,57,74143,1653,1272,203200,529,63,,,14,431,,0,370630020244
69,24,1301,152,368,198,198,77,126544,-666666666,1866,268900,455,0,,,26,192,,0,370630020245
49,45,909,67,267,201,201,29,95882,1384,1710,298300,358,0,,,42,201,,12,370630020246
76,50,2536,243,765,515,515,85,103000,1754,1495,262100,986,66,,,122,726,,0,370630020251
78,11,1563,93,413,268,268,13,50221,1171,1354,190400,708,19,,,181,283,,0,370630020252
0,31,1254,123,356,356,356,32,93299,1433,1360,228900,573,64,,,58,419,,0,370630020253
85,74,1299,38,263,67,67,9,57193,1407,1096,194300,441,0,,,135,316,,0,370630020254
271,102,3462,205,855,298,298,39,41372,1254,1213,179100,1253,146,,,321,252,,19,370630020261
143,159,3808,218,802,452,452,64,56719,1144,1622,261500,1525,44,,,464,625,,0,370630020262
217,27,1913,28,348,133,133,28,48621,1159,-666666666,-666666666,616,144,,,369,0,,0,370630020263
42,41,2175,75,545,416,416,60,68251,1588,1883,371200,1407,90,,,80,452,,0,370630020291
0,76,1524,252,392,333,333,0,137228,-666666666,1747,386300,526,0,,,19,352,,0,370630020292
0,10,319,16,72,62,62,16,53961,1354,-666666666,-666666666,243,44,,,12,92,,0,370630020293
12,35,1347,150,389,310,310,33,77446,1625,1991,367300,737,50,,,81,304,,70,370630020301
54,62,2650,280,781,611,611,49,171269,-666666666,2006,441600,1067,122,,,89,487,,0,370630020302
178,116,1548,0,327,151,151,0,52124,1268,2102,315200,540,0,,,207,121,,0,370630020311
0,88,895,119,269,159,159,119,67250,1317,1305,140600,494,14,,,31,129,,0,370630020312
0,55,1329,35,178,68,68,0,36089,883,-666666666,-666666666,518,149,,,133,0,,0,370630020321
57,15,1008,70,192,142,142,42,40492,1096,-666666666,-666666666,641,106,,,72,164,,0,370630020322
0,11,368,11,42,42,42,11,108155,1115,-666666666,-666666666,211,36,,,13,183,,0,370630020323
115,0,942,109,265,118,118,0,-666666666,1190,1705,319600,421,0,,,0,118,,0,370630020331
40,20,1605,66,409,295,295,26,148097,1855,2691,606600,852,0,,,0,760,,104,370630020332
0,27,1373,87,357,329,329,0,82447,1663,2088,377300,698,0,,,50,370,,0,370630020333
29,106,2307,116,527,356,356,51,99278,1672,2846,248400,1038,26,,,240,433,,0,370630020341
138,15,2494,180,725,627,627,82,116398,-666666666,1915,343100,928,0,,,133,614,,0,370630020342
54,88,1759,120,348,196,196,45,49712,1379,-666666666,-666666666,958,86,,,300,356,,0,370630020343
0,65,1983,87,412,265,265,72,71525,1189,1513,274200,1071,0,,,24,451,,0,370630020351
0,99,946,46,188,111,111,0,62574,1153,1236,143500,426,0,,,86,193,,0,370630020352
204,153,2400,340,569,474,474,221,89591,-666666666,1719,279900,951,0,,,94,550,,0,370630020353
45,0,1079,0,182,90,90,0,67279,1685,1106,193400,889,252,,,62,437,,0,370630020354
0,0,1000,0,250,66,66,0,31192,1069,-666666666,-666666666,706,56,,,32,180,,0,370630020361
0,0,529,0,131,108,108,0,-666666666,1208,-666666666,266400,386,62,,,89,42,,0,370630020362
0,62,1147,40,202,79,79,40,44442,1149,-666666666,-666666666,686,0,,,271,151,,0,370630020363
212,28,3106,253,767,533,533,151,76021,1357,2078,381000,1732,85,,,206,847,,0,370630020371
20,73,2207,76,493,322,322,39,80635,1349,1614,225500,1758,365,,,69,831,,0,370630020372
0,0,1088,18,347,299,299,0,89141,1462,2128,-666666666,531,0,,,89,546,,0,370630020381
34,33,2318,137,614,554,554,39,84042,1378,1630,365100,1123,68,,,378,696,,0,370630020382
0,57,2395,0,665,428,428,0,77603,981,1418,263400,1214,0,,,191,430,,11,370630020383
20,0,1005,38,353,309,309,0,74906,-666666666,1688,346000,414,0,,,169,257,,0,370630021001
18,0,621,71,151,120,120,0,118021,-666666666,1858,322800,318,59,,,17,153,,24,370630021002
0,10,527,0,140,140,140,0,108657,-666666666,1358,261100,297,16,,,110,147,,16,370630021003
24,0,3637,58,173,158,158,0,91333,-666666666,1500,284200,473,155,,,709,154,,0,370630021004
0,0,491,0,186,112,112,0,63932,-666666666,1520,246900,245,0,,,94,48,,0,370630021005
16,71,1078,66,236,149,149,19,-666666666,-666666666,2216,212000,447,0,,,203,137,,0,370630021006
81,0,1733,186,633,633,633,26,96833,-666666666,2202,358800,756,22,,,38,508,,0,370630021007
0,0,0,0,0,0,0,0,-666666666,-666666666,-666666666,-666666666,0,0,,,0,0,,0,370630021008
13,0,1065,11,82,82,82,9,63452,1653,1943,356900,968,172,,,0,224,,0,370630022001
43,41,1345,30,233,181,181,30,125560,1742,1487,404800,756,76,,,129,369,,24,370630022002
33,57,2005,57,330,144,144,31,53827,1223,1455,163600,915,109,,,304,294,,18,370630023001
0,0,0,0,0,0,0,0,-666666666,-666666666,-666666666,-666666666,0,0,,,0,0,,0,370639801001
